Target,Model,RMSE,MAE,Weight_BPNN,Weight_RNN
total_cases,BPNN + Elman,14782.13037876369,9064.272463770085,0.1498881989926501,0.85011180100735
total_cases,BPNN + LSTM,26706.075898497325,23154.833644276565,0.2641425320877861,0.7358574679122138
new_cases,BPNN + Elman,5137.57680984586,2439.110201424648,0.48269855866217853,0.5173014413378214
new_cases,BPNN + LSTM,36642.889364597686,36019.33459536293,1.0,0.0
total_deaths,BPNN + Elman,438.2330333704535,288.3339149834405,0.0,1.0
total_deaths,BPNN + LSTM,330.80359191900106,287.4650826451916,0.035844679641489866,0.9641553203585101
